Week,Best model,Best params,Accuracy,Precision,Recall,F1,AUC,CV AUC,Why this model won
week2,pipeline_5_catboost.pkl,"{""depth"": 4, ""iterations"": 300, ""l2_leaf_reg"": 7, ""learning_rate"": 0.05}",0.6830802270286854,0.61311255314388,0.8904777380565486,0.7262125629472568,0.7816809954533239,0.7726801017005759,Highest holdout AUC (0.782) with F1 0.726 at threshold 0.38
week4,pipeline_5_catboost.pkl,"{""depth"": 4, ""iterations"": 300, ""l2_leaf_reg"": 7, ""learning_rate"": 0.05}",0.7068568798895536,0.6421257922964407,0.8560285992850178,0.7338069368992896,0.7986574776362723,0.7910265706788554,Highest holdout AUC (0.799) with F1 0.734 at threshold 0.43
week6,pipeline_5_catboost.pkl,"{""depth"": 4, ""iterations"": 300, ""l2_leaf_reg"": 7, ""learning_rate"": 0.05}",0.7182083141586133,0.6510721247563352,0.8683782905427364,0.7441860465116279,0.8136699400643979,0.8063117575606328,Highest holdout AUC (0.814) with F1 0.744 at threshold 0.43
week8,pipeline_5_catboost.pkl,"{""depth"": 4, ""iterations"": 300, ""l2_leaf_reg"": 3, ""learning_rate"": 0.05}",0.7390704095720203,0.6718281718281718,0.8742281442963926,0.7597796921338794,0.8338545131665143,0.8258799161552455,Highest holdout AUC (0.834) with F1 0.760 at threshold 0.44
