Week,Best model,Best params,Accuracy,Precision,Recall,F1,AUC,CV AUC,Why this model won
week2,pipeline_5_catboost.pkl,"{""depth"": 4, ""iterations"": 300, ""l2_leaf_reg"": 7, ""learning_rate"": 0.05}",0.6821598404663292,0.6125924266188663,0.8885277868053298,0.7251989389920425,0.7806297288819959,0.7721289441938533,Highest holdout AUC (0.781) with F1 0.725 at threshold 0.38
week4,pipeline_5_catboost.pkl,"{""depth"": 4, ""iterations"": 300, ""l2_leaf_reg"": 3, ""learning_rate"": 0.05}",0.699033594109526,0.6292603756086251,0.8820279493012675,0.7345060893098783,0.7986152721254601,0.7912094329440618,Highest holdout AUC (0.799) with F1 0.735 at threshold 0.40
week6,pipeline_5_catboost.pkl,"{""depth"": 4, ""iterations"": 300, ""l2_leaf_reg"": 7, ""learning_rate"": 0.05}",0.7205092805645038,0.6557458426408538,0.8586285342866429,0.7435969603152266,0.8139029201492507,0.8057561935042052,Highest holdout AUC (0.814) with F1 0.744 at threshold 0.44
week8,pipeline_5_catboost.pkl,"{""depth"": 4, ""iterations"": 300, ""l2_leaf_reg"": 7, ""learning_rate"": 0.05}",0.7378432274888787,0.6675649191572759,0.8856028599285017,0.7612795083112166,0.8342808171515642,0.8254850423436529,Highest holdout AUC (0.834) with F1 0.761 at threshold 0.43
