week,mean_total_clicks,mean_active_days
2,182.82060565152025,7.839505415273218
4,304.6467032798454,12.563280458994262
6,388.53695578805264,16.676218819992023
8,469.4760838216795,20.55275672690455
